id,goal,task_type,depends_on,task_dir,status,validation,completed_at,notes
1,backend-go 死代码: 删除 token_revoker.go 整文件(TokenRevoker/persistentTokenRevoker/NewPersistentTokenRevoker 仅测试引用, 生产走 CapabilityStore.RevokeCapability),durable,,tasks/01-go-token-revoker,DONE,"go build ./... + go test -p 1 -count=1 ./internal/application/...",2026-08-06,已删文件+专属测试; build/vet/application 测试全绿(TEST_DATABASE_URL=admin:zl123456.@127.0.0.1:5432/genericagent_test)
2,backend-go 死 store 方法: DeleteUserSession/DeleteCapabilityUsage/ListMediaByUser/ListMessagesByUser/GetRelayOptOut/EnsureUserExists/IsTeamMember/WorkspaceOwnerForSession/BindBotIlinkUserTx/ConstantTimeEqual/IntToBytes + IsValidUserStatus/IsValidTeamMemberStatus/IsValidInviteCodeState,durable,,tasks/02-go-store-deadcode,DONE,"go build ./... + go test -p 1 -count=1 ./internal/infrastructure/postgres/... ./internal/infrastructure/secret/... ./internal/domain/...",2026-08-06,已删 12 store 方法+3 IsValid*+2 secret 函数(含未用 import 清理); GetRunnerLease 保留——4 处测试用它断言 round10/13 关键不变量(release 清空容器/generation 语义), 非死代码; 测试全绿
3,backend-go 死 domain 方法/常量: SessionConfigJSON/TransportConfigJSON(连测试都不引用)、DeliveryPending/DeliveryDeadLetter 常量(零引用; SQL 字面量已在 store 直接用字符串),durable,1,tasks/03-go-domain-deadcode,DONE,"go build ./... + go test -p 1 -count=1 ./internal/domain/... ./internal/infrastructure/postgres/...",2026-08-06,已删 2 方法+2 常量+未用 json import; DeliveryStatus 类型/DeliverySending/Acked 保留; 测试全绿
4,backend-go 杂项清理: migrations.go foundationTableNames 移除 0031-0034 已删 marker、删除 update-imports.ps1(引用不存在 backend-go.bak 的一次性脚本),durable,1,tasks/04-go-misc,DONE,"go build ./... + go test -p 1 -count=1 ./internal/infrastructure/postgres/...",2026-08-06,已删 4 marker+脚本; worker-loopback 重复 env helper 加注释说明有意隔离(不删); 测试全绿
5,worker-python 清理: 删除旧 worker-python/Dockerfile+.dockerignore(compose/CI 零引用)、poller_server.serve() 死参数 grace_seconds、legacy_import.py 空块、sop_tool.py:37 document gateway 旧概念注释,durable,,tasks/05-worker-cleanup,DONE,"python -m pytest tenant_platform/worker-python -q + python -m pytest tenant_platform/bot_poller -q",2026-08-06,已删 Dockerfile+.dockerignore(仅自引用)+grace_seconds 参数/flag+空块+旧注释; worker 109 passed/2 skipped, bot_poller 20 passed
6,web 清理: 删除 src/assets/{hero.png,react.svg,vite.svg} + public/icons.svg 四个无引用资源,durable,,tasks/06-web-assets,DONE,"rg 复检引用为 0; npm run build 通过",2026-08-06,已删 4 资源+空 src/assets 目录; build 成功; favicon.svg 保留
7,平台文档校准: IMPLEMENTATION_SUMMARY.md Admin curl Bearer→X-Platform-Admin-Token、docs/ 相对路径错写、bot-poller-auth.md /config GET/POST 表与实现对齐、GA_SANDBOX_RUNNER_REFACTOR §9 计划式表述改为已完成、docs/superpowers/ 历史文档加废弃标注,durable,,tasks/07-platform-docs,DONE,"grep 抽查认证头与路径; python -m pytest tenant_platform/tests/contract -q",2026-08-06,已修 5 处; superpowers 8 文件加历史标注; contract 22 passed
8,.tasks 进度真值刷新: sandbox-runner-refactor SUBTASKS.csv id=12/15 IN_PROGRESS→DONE+completed_at、PROGRESS.md 头部状态更新; 其他 epic 头扫描,durable,,tasks/08-tasks-refresh,DONE,"git diff 核对 CSV 状态与 PROGRESS 一致",2026-08-06,12/15 已置 DONE(12:2026-08-03/15:2026-08-04); PROGRESS 头部刷新为收尾态; 其余 epic 无 IN_PROGRESS 残留
9,web StatusPage 决策(D-B): /app/status 硬编码占位页标注未实现/下线/补实现,durable,6,tasks/09-statuspage,DONE,"用户确认后执行; npm run build",2026-08-06,用户决策: 不影响使用暂不动(GA 黑盒原则), 等真实需求再补; 已在 EPIC.md 记录
10,收尾: 全量验证 + 死代码符号引用复检 + EPIC 关闭,durable,1;2;3;4;5;6;7;8;9,tasks/10-final,DONE,"go vet/build/test -p 1 + 平台 contract/security/smoke + worker + web 全量验证 + rg 复检零引用",2026-08-06,Go 18 包全绿(+DB); 根 10/平台 41/bot_poller 20/worker 109/集成 6 全过; web lint+build 通过; 死符号/资产复检 0; grace_seconds 仅 pyc 缓存
